{
  "credit": "Made with Blockbench",
  "parent": "builtin/entity",
  "texture_size": [
    64,
    64
  ],
  "display": {
    "thirdperson_righthand": {
      "rotation": [
        41,
        0,
        0
      ],
      "translation": [
        -1.75,
        0,
        -8.5
      ],
      "scale": [
        0.75586,
        0.75586,
        0.75586
      ]
    },
    "thirdperson_lefthand": {
      "rotation": [
        41,
        0,
        0
      ],
      "translation": [
        -1.75,
        0,
        -8.5
      ],
      "scale": [
        0.75586,
        0.75586,
        0.75586
      ]
    },
    "firstperson_righthand": {
      "rotation": [
        7.710000000000036,
        2.6599999999998545,
        5.630000000000109
      ],
      "translation": [
        4.5,
        -6.25,
        -9
      ],
      "scale": [
        0.875,
        0.875,
        0.875
      ]
    },
    "firstperson_lefthand": {
      "rotation": [
        7.710000000000036,
        2.6599999999998545,
        5.630000000000109
      ],
      "translation": [
        4.5,
        -6.25,
        -9
      ],
      "scale": [
        0.875,
        0.875,
        0.875
      ]
    },
    "ground": {
      "translation": [
        0,
        6,
        0
      ],
      "scale": [
        0.5,
        0.5,
        0.5
      ]
    },
    "gui": {
      "rotation": [
        -150.63999999999987,
        36.65000000000009,
        -179.3699999999999
      ],
      "translation": [
        -0.25,
        -4.5,
        0
      ],
      "scale": [
        0.61133,
        0.61133,
        0.61133
      ]
    },
    "head": {
      "rotation": [
        -36.539999999999964,
        23.40000000000009,
        -28.159999999999854
      ],
      "translation": [
        0,
        3.5,
        10
      ]
    },
    "fixed": {
      "rotation": [
        0,
        -90,
        0
      ],
      "translation": [
        2.75,
        -8.25,
        0
      ],
      "scale": [
        1.08008,
        1.08008,
        1.08008
      ]
    }
  },
  "textures": {
    "particle": "item/advanced_hand_drill_model"
  }
}