{
  "credit": "Made with Blockbench",
  "parent": "builtin/entity",
  "texture_size": [
    64,
    64
  ],
  "display": {
    "thirdperson_righthand": {
      "rotation": [
        78.25,
        0,
        0
      ],
      "translation": [
        -0.75,
        2.75,
        -3
      ],
      "scale": [
        0.8418,
        0.8418,
        0.8418
      ]
    },
    "thirdperson_lefthand": {
      "rotation": [
        78.25,
        0,
        0
      ],
      "translation": [
        -0.75,
        2.75,
        -3
      ],
      "scale": [
        0.8418,
        0.8418,
        0.8418
      ]
    },
    "firstperson_righthand": {
      "rotation": [
        30.9699999999998,
        -3.0900000000001455,
        -0.8299999999999272
      ],
      "translation": [
        -0.75,
        0.25,
        -0.25
      ],
      "scale": [
        0.677736875,
        0.677736875,
        0.677736875
      ]
    },
    "firstperson_lefthand": {
      "rotation": [
        36.409999999999854,
        2.0399999999999636,
        -3.9600000000000364
      ],
      "translation": [
        -0.75,
        0.25,
        -0.25
      ],
      "scale": [
        0.677736875,
        0.677736875,
        0.677736875
      ]
    },
    "ground": {
      "translation": [
        0,
        7,
        0
      ],
      "scale": [
        0.5,
        0.5,
        0.5
      ]
    },
    "gui": {
      "rotation": [
        -148.44000000000005,
        37.409999999999854,
        179
      ],
      "translation": [
        1,
        -1.75,
        0
      ],
      "scale": [
        0.79297,
        0.79297,
        0.79297
      ]
    },
    "head": {
      "translation": [
        -0.5,
        -1,
        -2.25
      ],
      "scale": [
        1.48242,
        1.48242,
        1.48242
      ]
    },
    "fixed": {
      "rotation": [
        0,
        -90,
        0
      ],
      "translation": [
        -1.75,
        -7.5,
        -1.25
      ],
      "scale": [
        1.66406,
        1.66406,
        1.66406
      ]
    }
  },
  "textures": {
    "particle": "item/advancedchainsaw"
  }
}